{
  "123": {
    "mct_mean": 22.5448,
    "mct_std": 17.56526666350386,
    "srpt_mean": 48.77081241081085,
    "srpt_std": 29.5101604310255,
    "wall": 5.867472700277964
  },
  "456": {
    "mct_mean": 21.5934,
    "mct_std": 15.975016007503717,
    "srpt_mean": 46.71461558428211,
    "srpt_std": 23.878828636322186,
    "wall": 5.447127997875214
  }
}