{"mct_mean": 17.225266666666666, "mct_std": 11.37644972134199, "n": 1500}