{
  "42": {
    "mct_mean": 21.002399999999998,
    "mct_std": 13.330398127587937,
    "srpt_mean": 41.615608392400006,
    "srpt_std": 24.099677903605237,
    "wall": 5.8
  }
}